Центральный офис                   ;MOCO
Тех.ЦО для векс.цен.               ;MOVC
Технический ЦО                     ;MOVB
Технический ЦО 1                   ;MOVD
Технический ЦО 2                   ;MOVE
Технический ЦО 3                   ;MOVG
Технический ЦО 4                   ;MOVJ
Технический ЦО 5                   ;MOVI
Технический ЦО 6                   ;MOVK
Технический ЦО 7                   ;MOVL
Бэк офисУООКБ                      ;MOVF
Технический ЦО Кипр                ;MOKI
Технический Д/Р Ф-л Ярославский    ;MOVN
Технический Д/Р Ф-л Липецккий      ;MOLT
Технический Д/Р Ф-л Воронежский    ;MOVU
Технический Д/Р прош.лет филиалы   ;MOTD
Бэк офис КБ                        ;MOBK
"ДО ""Проспект Мира""                 ";MOPM
"ДО ""Покровка""                      ";MOPK
"ДО ""Пятницкая""                     ";MOPY
"ДО ""Красная Пресня""                ";MOKP
ДО Октябрьская                     ;MOOK
"ДО ""Ленинградский проспект""        ";MOSO
ДО Волгоградский проспект          ;MOVP
ДО Тверская                        ;MOTV
Центральный офис V                 ;MOSB
ДО Бауманская                      ;MOBM
ДО Перово                          ;MOPE
ДО Медведково                      ;MOMD
ДО Полярная                        ;MOPL
ДО Отрадное                        ;MOOT
"ДО ""Полянка""                       ";MOPO
ДО Якиманка                        ;MOYA
"ДО ""Ленинский проспект""            ";MOLP
ДО Кутузовский проспект            ;MOKT
ДО Тверская-Ямская                 ;MOTY
ДО Арбат (закрыт)                  ;MOAR
ДО Арбат (ТРБ)                     ;MOAT
ДО Кузнецкий мост                  ;MOKM
ДО Земляной вал                    ;MOZV
ДО Жулебино                        ;MOJU
(закрыт) ДО Ленинградский проспект ;MOLG
ДО Люберецкий                      ;MOLU
"ДО ""Сокол""                         ";MOEK
"ДО ""Образцова""                     ";MOOB
"ДО ""Нагатинский"" (Бизнес Центр)    ";MONG
"ДО ""Варварка"" (Бизнес Центр)       ";MOBB
"ОО ""Ярославский""                   ";MOYR
"ОО ""Тульский""                      ";MOTU
"ОО ""Липецкий""                      ";MOLK
"ОО ""Воронежский""                   ";MOVH
"ОО ""Автомир"" АО ""АЛЬФА-БАНК""       ";MOVT
"ОКВКУ ""Артекс""                     ";MODK
"ОКВКУ ""Строймонтаж""                ";MODL
"ОКВКУ ""Автокей Северянин""          ";MODM
"ОКВКУ ""Пересвет""                   ";MODN
"ОКВКУ ""Диамант""                    ";MODO
"ОКВКУ ""Диамант-2""                  ";MODP
"ОКВКУ ""Рольф-Юг""                   ";MODQ
"ОКВКУ ""Рольф-Центр""                ";MODR
"ОКВКУ ""Рольф-Центр-1""              ";MODS
"ОКВКУ ""Рольф-Центр-2""              ";MODT
"ОКВКУ ""Ац-Север""                   ";MODU
"ОКВКУ ""Ац-Север-2""                 ";MODW
"ОКВКУ ""Аояма Моторс""               ";MODX
"ОКВКУ ""Флэт""                       ";MODY
"ОКВКУ ""Рольф Восток""               ";MODZ
"ОКВКУ ""Рольф-Химки-1""              ";MOIA
"ОКВКУ ""Рольф-Химки-2""              ";MOIB
"ОКВКУ ""Рольф-Химки-3""              ";MOIC
"ОКВКУ ""Рольф-Химки-4""              ";MOID
"ОКВКУ ""Автокей- Восток""            ";MOIE
"ОКВКУ ""Рольф-Диамант""              ";MOIF
"ОКВКУ ""Рольф-Ярославка""            ";MOIG
"ОКВКУ ""Рольф-Ярославка-2""          ";MOIH
"ОКВКУ ""ИНРОСТ""                     ";MOIM
"ОКВКУ ""Лада-Фаворит""               ";MOIS
"ОКВКУ ""Рольф-Восток 2""             ";MOIT
"ОКВКУ ""Горбушкин двор""             ";MOIW
"ОКВКУ ""Автомир-Варшавка""           ";MOIX
"ОКВКУ ""Тойота Центр Лосиный остров""";MOIY
"ОКВКУ ""Тойота Центр Битца""         ";MOIZ
"ОКВКУ ""Тойота Центр Серебряный бор""";MOJA
"ОКВКУ ""Тойота Центр Серебр. бор 2"" ";MOJB
"ОКВКУ ""Звезда Столицы""             ";MOZS
"ОКВКУ ""Тойота-Центр Рублевка""      ";MOTC
"ОКВКУ ""Автодом""                    ";MOAV
"ОКВКУ  ""Артекс-2""                  ";MOAE
"ОКВКУ ""Золотые Ключи""              ";MOZK
"ДО ""МИРАКС. ПРЕСНЕНСКАЯ НАБЕРЕЖНАЯ""";MOMP
"ДО ""АВТОМИР. ИРКУТСКАЯ""            ";MOFE
"ДО ""ВЕДИС. НАХИМОВО""               ";MOJL
"ДО ""НЕЗАВИСИМОСТЬ 60-ЛЕТ ОКТЯБРЯ""  ";MOET
"ДО ""АВТОКЕЙ ВОСТОК""                ";MOEO
"ДО  ""ТОЙОТА-ЦЕНТР КАШИРСКИЙ""       ";MOEL
"ДО ""МИАН КРАСНАЯ ПРЕСНЯ""           ";MOEJ
"ДО ""ПАНАВТО 50 КМ МКАД""            ";MOBQ
"ДО ""ТОЙОТА-ЦЕНТР СЕРЕБРЯНЫЙ БОР 2"" ";MOEG
"ДО ""ТОЙОТА-ЦЕНТР СЕРЕБРЯНЫЙ БОР""   ";MOEF
"ДО ""ТОЙОТА-ЦЕНТР РУБЛЕВСКИЙ""       ";MOEE
"ДО ""ТОЙОТА-ЦЕНТР ЛОСИНЫЙ ОСТРОВ""   ";MOEC
"ДО ""ТОЙОТА-ЦЕНТР БИТЦА""            ";MOEB
"ДО ""ДЖЕНСЕР ДОБРОЛЮБОВО""           ";MOBL
"ДО ""ДЖЕНСЕР  63 КМ МКАД""           ";MOBJ
"ДО ""Артекс 51 км""                  ";MOBG
Бэк-офис НРБ                       ;MORB
Технический Бэк-офис               ;MORC
Тех. бранч ЦО Миграция Северной Каз;MOTB
"ККО ""ОБЬ""                          ";MOCM
"ККО ""ТУЛА-ОРУЖЕЙНЫЙ""               ";MOCK
Филиал  Дальневосточный            ;MOCL
Филиал  Липецкий                   ;MOCE
"ДО ""ПРЕСНЕНСКИЙ ВАЛ""               ";MOPV
"ДО ""Никитский"" (НРБ)               ";MONI
"ДО ""Варварка"" (НРБ)                ";MOVA
"ДО ""Петровский"" (НРБ)              ";MOPT
"ДО ""СОКОЛЬНИКИ""                    ";MOSK
"ДО ""МЯСНИЦКИЙ""                     ";MOMY
"ДО ""Маяковский"" (НРБ)              ";MOMA
"ДО ""КУЗНЕЦКИЙ МОСТ""                ";MOKN
Охотный ряд (НРБ)                ;MOOR
"ДО ""КРАСНОСЕЛЬСКИЙ""                ";MOKR
"ДО ""НОВОСЛОБОДСКИЙ""                ";MONV
"ДО ""ТВЕРСКАЯ-ЯМСКАЯ""               ";MOTS
"ДО ""СТАРЫЙ АРБАТ""                  ";MOAB
"ДО ""АЛЕКСЕЕВСКИЙ""                  ";MOAL
"ДО ""ЗЕМЛЯНОЙ ВАЛ""                  ";MOZL
"ДО ""БРАТИСЛАВСКИЙ""                 ";MOBS
"ДО ""ТРЕТЬЯКОВСКИЙ""                 ";MOTR
"ДО ""ОЛИМПИЙСКИЙ""                   ";MOOL
"ДО ""КУТУЗОВСКИЙ ПРОСПЕКТ""          ";MOKS
"ДО ""ТВЕРСКАЯ""                      ";MOTA
"ДО ""ДАНИЛОВСКИЙ""                   ";MOBT
"ОРП ""Сухаревский"" (НРБ)            ";MOSR
"ДО ""МЕДВЕДКОВО""                    ";MOED
Филиал  Курганский                 ;MOCJ
"ККО ""ЮЖНЫЙ УРАЛ""                   ";MOCH
"ДО ""КУЗЬМИНКИ""                     ";MOKU
"ДО ""ЛОМОНОСОВСКИЙ""                 ";MOLE
ЦО филиала Саратовский             ;MOST
"ККО ""ТОМЬ""                         ";MOFT
"ДО ""ЛЮДМИЛА""                       ";MOLY
"ККО ""ДОН""                          ";MORT
Центр автокредитования             ;MOZA
"ККО ""ПОЛЯРНЫЙ""                     ";MOMO
ДО Нефтяники филиала Омский        ;MOKL
"ККО ""ИРТЫШ""                        ";MOKJ
ДО Правобережное филиала Иркутский ;MOKH
ДО Ангарский филиала Иркутский     ;MOKG
"ДО ""БАЛТИЙСКИЙ""                    ";MOBA
ЦО филиала Иркутский               ;MOKE
"ККО ""ПРОСПЕКТ РЕВОЛЮЦИИ""           ";MOKF
ДО Глазовский филиал               ;MOKW
ДО центральный филиала Ижевский    ;MOKC
"ККО ""ЯНТАРЬ""                       ";MOKB
"ККО ""КРАСНОЯРСК-ЕНИСЕЙ""            ";MOKY
"ДО ""Демидовский"" ф-ла ""Челябинский""";MODC
ДО Зеленогорский ф-ла Красноярский ;MOZE
ДО Железногорский ф-ла Красноярский;MOZH
ДО Большая Полянка (НРБ)           ;MOBP
"ККО ""ОРЕНБУРГ-ПРОСПЕКТ ПОБЕДЫ""     ";MORE
ДО Бузулукский филиала Оренбургский;MOUZ
ЦО филиала Орский                  ;MORS
ДО Радужный филиала Тюменский      ;MORA
"ККО ""ЛИДЕР""                        ";MOMI
ДО Мегионский филиала Тюменский    ;MOME
ДО Спасский филиала Тюменский      ;MOSA
"ККО ""ЕРМАК""                        ";MOTM
ДО Тольяттинский филиала Самарский ;MOT1
"ДО ""РИЖСКИЙ""                       ";MORY
ККО МОЛОДОГВАРДЕЙСКИЙ АО АЛЬФА-БАНК;MOS1
ЦО филиала Пермский                ;MOP1
"ККО ""ГРИБОЕДОВСКИЙ""                ";MOSP
ДО Софийский ф-ла Санкт-Петербургск;MOSF
"ККО ""ЛАДОГА""                       ";MOSZ
"ККО ""ПУТИЛОВСКИЙ""                  ";MOKK
ККО Светлана                       ;MOSC
"ККО ""НЕВА""                         ";MOLI
ЦО филиала Волгоградский           ;MOVO
"ККО ""КУБАНЬ""                       ";MOKD
"ККО ""СИБИРЬ""                       ";MOSV
"ККО ""УРАЛ""                         ";MOUR
"ККО ""ВОЛГА""                        ";MONN
"АО ""Альфа-Банк Башкортостан""       ";MOBN
ЦО филиала Кемеровский             ;MOKO
ДО Новокузнецкий ф-ла Кемеровский  ;MOKQ
"ДО Каменск-Уральский ф-ла ""Екатерин";MOKA
"ДО  ""АЛЬФА-ИПОТЕКА""                ";MOCI
"Блок ""Потребительское кредитование""";MOGR
"Блок ""Потребительское кредитование""";MOGA
"ДО ""АЛЬФА PRIVATE ПРЕСНЕНСКИЙ""     ";MODJ
"ДО ""АЛЬФА PRIVATE БАРВИХА""         ";MOBV
"ККО ""АЛЬФА PRIVATE САНКТ-ПЕТЕРБУРГ""";MOBX
"ККО ""АЛЬФА PRIVATE САМАРА""         ";MOEN
"ККО ""АЛЬФА PRIVATE НОВОСИБИРСК""    ";MONS
"ДО ""АЛЬФА PRIVATE ЯКИМАНКА""        ";MOCD
Телефонный Центр                   ;MOCC
Технический ЦО Альфа МСОС          ;MOMC
"ККО ""АЛЬФА PRIVATE ЕКАТЕРИНБУРГ""   ";MOMH
DSA НРБ - Московский филиал        ;MOCP
DSA НРБ - Филиалы в регионах       ;MOCR
"Блок ""Потреб. Кредит."" - Регионы -2";MOCY
ДО Центр Ипотеч. Кредит. Ниж. Нов. ;MOQX
"Блок ""Потреб. Кредит."" - Регионы -3";MOQZ
"Блок ""Потреб. Кредит."" - Регионы -4";MOQP
"ДО ""Центр Ипотечн. Кредит. Новосиби";MOAC
"Блок ""Потребительское кредитование""";MOUP
"Блок ""Потреб. Кредит."" - Регионы -5";MOAN
"Блок ""Потреб. Кредит."" - Регионы -6";MOAO
БПК Кредитный брокер               ;MOAP
"Тех. ЦО ""Дирекция по развитию проду";MOCF
"Блок ""Потребительское кредитование""";MOUS
"ДО ""ЦЕНТР ИПОТЕЧНОГО КРЕДИТ. СОКОЛ""";MOSL
ЦО МСБ                             ;MOFB
"ДО ""РЕЧНОЙ ВОКЗАЛ""                 ";MODI
"МДО ""Багратионовский""              ";MOIN
"МДО ""Планерный""                    ";MOPN
"ДО ""ШУВАЛОВСКИЙ""                   ";MOSH
"МДО ""Орехово""                      ";MORH
"ДО ""МИТИНО""                        ";MOMT
"МДО ""Покровка - НРБ""               ";MOAD
"ДО ""ХИМКИ""                         ";MOHI
Резерв                             ;MOBR
"ДО ""ПРОСПЕКТ ВЕРНАДСКОГО""          ";MOES
"ДО ""УЛИЦА АЛАБЯНА""                 ";MOLB
"ДО ""БЕЛЯЕВО""                       ";MOLV
"ККО ""ЧКАЛОВСКИЙ""                   ";MOCN
ДО Находка филиала Дальневосточный ;MOCT
"ККО ""ЯРОСЛАВНА""                    ";MOCU
"ККО ""ХАБАРОВСК-АМУР""               ";MOCW
ЦО филиала Сахалинский             ;MOCX
"ККО ""ИДЕЛЬ""                        ";MODA
ЦО филиала Алтайский               ;MODB
ДО Туапсинский филиала             ;MODD
"ККО ""СЕВЕР""                        ";MODE
"ДО ""Кузнецовский"" филиала СПб      ";MOIU
"ККО ""САМАРА""                       ";MOCS
"ККО ""ЛЕВЫЙ БЕРЕГ""                  ";MOCQ
"ККО ""ЛАЗУРНЫЙ""                     ";MOCZ
"ККО ""КАМА""                         ";MODG
"ККО ""РОДНИК""                       ";MODH
"ККО ""ЦАРИЦЫНСКИЙ""                  ";MOIK
"ККО ""Континент""                    ";MOIO
"ККО ""ТУРГЕНЕВСКИЙ""                 ";MOIP
"ККО ""ВЕШНЯКИ""                      ";MOIR
"ККО ""Ока""                          ";MOIQ
"ККО ""АГИДЕЛЬ""                      ";MOJM
"ККО ""МИЧУРИНСКИЙ""                  ";MOJN
"ККО ""ПЕРВОМАЙСКИЙ""                 ";MOJO
"ККО ""АЛТАЙ""                        ";MOJP
"ККО ""НОВОНИКОЛАЕВСКИЙ""             ";MOJQ
"ККО ""АКАДЕМИЧЕСКИЙ""                ";MOJR
"ККО ""Омь""                          ";MOJS
"ККО ""ЖИГУЛИ""                       ";MOQT
"ККО ""БЕЛАЯ ЛАДЬЯ""                  ";MOQV
"ККО ""ГРАЖДАНСКИЙ""                  ";MOQW
"ККО ""САМОЦВЕТ""                     ";MOQU
"ККО ""РИТМ""                         ";MOQS
"ККО ""ЭВЕРЕСТ""                      ";MOEV
"ККО ""СЕВЕРНОЕ СИЯНИЕ""              ";MOMU
"ККО ""КРАСНОАРМЕЙСКИЙ""              ";MOKV
"ККО ""УНИВЕРСИТЕТСКИЙ""              ";MOUN
"ККО ""ПРОСТОР""                      ";MOPR
"ККО ""ПЛОЩАДЬ НЕВСКОГО""             ";MONE
"ККО ""НОВОТРОИЦКИЙ""                 ";MONO
"ККО ""САРАТОВ-ИЛЬИНСКИЙ""            ";MOIL
"ККО ""КРАСНОЗНАМЕНСКИЙ""             ";MOKZ
"ККО ""СОРМОВСКИЙ""                   ";MOSM
"ККО ""РОСТОВ-НА-ДОНУ-СОБОРНЫЙ""      ";MOYU
"ККО ""ИПОТЕКА-САНКТ-ПЕТЕРБУРГ""      ";MOPS
"ККО ""ПАРМА""                        ";MOPA
"ККО ""ГОРЬКОВСКИЙ""                  ";MOGO
"ККО ""ПЛАЗА""                        ";MOPZ
"ККО ""РОСТОВ-НА-ДОНУ-СОДРУЖЕСТВО""   ";MOSD
"ККО ""КЕМЕРОВО-КУЗБАСС""             ";MOAA
"ККО ""НОВОКУЗНЕЦК-КУЗНЕЦКИЙ""        ";MONK
"ККО ""ВОРОНЕЖ-ПЛЕХАНОВСКИЙ""         ";MOVR
"ККО ""ЛИПЕЦК-СПУТНИК""               ";MOLS
"ККО ""ТОМСК-ТЕАТРАЛЬНЫЙ""            ";MOTT
"ККО ""КАЗАНЬ-САВИНОВО""              ";MOAF
"ККО ""УФА-РАДУГА""                   ";MOAG
"ККО ""ПЕРМЬ-КРИСТАЛЛ""               ";MOAH
"ККО ""ЮЖНО-САХАЛИНСК-ОКЕАНСКИЙ""     ";MOAI
"ККО ""ТОЛЬЯТТИ-ГАГАРИНСКИЙ""         ";MOAJ
"ККО ""КАЗАНЬ-ГОРКИ""                 ";MOAK
"ККО ""САНКТ-ПЕТЕРБУРГ-ПЛОЩАДЬ ВОССТА";MOAM
"ККО ""ОРСК-СОЛНЕЧНЫЙ""               ";MOOS
"ККО ""КУРГАН-ЗАУРАЛЬЕ""              ";MOAQ
"ККО ""ПЕРМЬ-ГАЙВА""                  ";MOPG
"ККО ""НАБЕРЕЖНЫЕ ЧЕЛНЫ-ЗАКАМЬЕ""     ";MONC
"ККО ""ЛИПЕЦК-САРМАТ""                ";MOLC
"ККО ""ЧЕЛЯБИНСК-МЕРКУРИЙ""           ";MOMR
"ККО ""ХАБАРОВСК-ЮЖНЫЙ""              ";MOHU
"ККО ""РОСТОВ-НА-ДОНУ-СЕВЕРНЫЙ""      ";MORD
"ККО ""СУРГУТ-СТРЕЛЕЦКИЙ""            ";MOSS
"ККО ""БАРНАУЛ-ДЕМИДОВСКИЙ""          ";MOBD
"ККО ""ВЛАДИВОСТОК-ПРИМОРСКИЙ""       ";MOAS
"ККО ""ВОЛГОГРАД-АЛЕКСАНДРОВСКИЙ""    ";MOAU
"ККО ""КРАСНОЯРСК-БИРЮСА""            ";MOAW
"ККО ""ВОЛЖСКИЙ-МИРНЫЙ""              ";MOVM
"ККО ""ВОЛГОГРАД-ОТРАДНЫЙ""           ";MOAX
"ККО ""ИРКУТСК-АМУРСКИЕ ВОРОТА""      ";MOAY
"ККО ""САНКТ-ПЕТЕРБУРГ-КОМЕНДАНТСКИЙ ";MOPP
"ККО ""Екатеринбург-Аметист""         ";MOEA
"ККО ""РОСТОВ-НА-ДОНУ-БУДЕННОВСКИЙ""  ";MOBU
"ККО ""ИЖЕВСК-УСТИНОВСКИЙ""           ";MOIJ
"ККО ""САМАРА-МОЛОДЕЖНЫЙ""            ";MOAZ
"ККО ""САНКТ-ПЕТЕРБУРГ-ЛИТЕЙНЫЙ ПРОСП";MOBC
"ККО ""Каменск-Уральский-Синара""     ";MOBE
"ККО ""ОМСК-ЮБИЛЕЙНЫЙ""               ";MOOU
"ККО ""ГЛАЗОВ-ЧЕПЕЦКИЙ""              ";MOGC
"ККО ""МУРМАНСК-КОЛЬСКИЙ""            ";MOMK
"ККО ""АРХАНГЕЛЬСК-ВОСКРЕСЕНСКИЙ""    ";MOBF
"ККО ""НАХОДКА-РАССВЕТ""              ";MONR
"ККО ""НОВОСИБИРСК-ЗАЕЛЬЦОВСКИЙ""     ";MONZ
"ККО ""РАДУЖНЫЙ АГАН""                ";MOBH
"ККО ""ЖЕЛЕЗНОГОРСК-САЯНЫ""           ";MOBI
"ККО ""ЧЕЛЯБИНСК-ЭНЕРГИЯ""            ";MOBW
"ККО ""КРАСНОЯРСК-ОКТЯБРЬСКИЙ""       ";MOBZ
"ККО ""НОВОРОССИЙСК-ДИВНОМОРСКИЙ""    ";MOCA
"ККО ""МЕГИОН-НЕФТЯНИК""              ";MOMN
"ККО ""КАЗАНЬ-ВОСХОД""                ";MOVS
"ККО ""АНГАРСК-КЕДРОВЫЙ""             ";MOCB
"ККО ""КРАСНОЯРСК-МОНОЛИТ""           ";MOBO
"ККО ""НОВОСИБИРСК-АКАДЕМГОРОДОК""    ";MOBY
"ККО ""КРАСНОЯРСК-ПРАВОБЕРЕЖНЫЙ""     ";MOCG
"ККО ""САНКТ-ПЕТЕРБУРГ-ВАСИЛЕОСТРОВСК";MOCV
"ККО ""ИРКУТСК-БАЙКАЛ""               ";MODV
"ККО ""ЯРОСЛАВЛЬ-ЗОЛОТОЕ КОЛЬЦО""     ";MOEH
"ККО ""ВЛАДИВОСТОК-ПРОСПЕКТ СТОЛЕТИЯ""";MOEI
"ККО ""УФА-ЮЛДАШ""                    ";MOEM
"ККО ""СЕВЕРОМОРСК-СКАЛИСТЫЙ""        ";MOEP
"ККО ""БАРНАУЛ-ПЛОЩАДЬ СОВЕТОВ""      ";MOEQ
"ККО ""УСОЛЬЕ-СИБИРСКОЕ""             ";MOER
"ККО ""ТУАПСЕ-ГАВАНЬ""                ";MOTG
"ККО ""ЧЕБОКСАРЫ-ПРИВОЛЖСКИЙ""        ";MOEU
Мини-отделения Екатеринбург        ;MOQY
Мини-отделения Омск                ;MOOM
Мини-отделения Казань              ;MOZN
"ККО ""ПЕНЗА-ПК-СУВОРОВСКИЙ""         ";MOEW
ККО Ульяновский                    ;MOUL
ККО Магнитогорский                 ;MOMG
"ККО ""АЛЬМЕТЬЕВСК"" АО ""АЛЬФА-БАНК"" в";MOLM
ККО Нефтеюганский                  ;MOYG
-                                  ;MORG
ККО Астраханский                   ;MOSX
"ККО ""БЕЛГОРОД-ПРОСПЕКТ СЛАВЫ""      ";MOEX
"ККО ""БУЗУЛУКСКИЙ БОР""              ";MOEY
"ККО ""УФА-ПРОСПЕКТ ОКТЯБРЯ""         ";MOEZ
"ККО ""КЕМЕРОВО-СЕРЕБРЯНЫЙ РУЧЕЙ""    ";MORU
"ККО ""МАГНИТОГОРСК-МЕТАЛЛУРГ""       ";MOFA
"ККО ""НОВОКУЗНЕЦК-ИЗУМРУДНЫЙ""       ";MOFC
"ККО ""ЮРГА""                         ";MOFD
"ККО ""НИЖНИЙ ТАГИЛ""                 ";MONT
ККО Калужский                      ;MOKX
"ККО ""ТЮМЕНЬ-ТУРА""                  ";MOTN
"ККО ""КАМЕНСК-УРАЛЬСКИЙ-АЛМАЗ""      ";MOFF
"ККО ""ЧЕЛЯБИНСК-МОЛНИЯ""             ";MOFG
"ККО ""НИЖНИЙ ТАГИЛ-БАЖОВСКИЙ""       ";MOFH
"ККО ""ПЕРВОУРАЛЬСКИЙ""               ";MOFI
"ККО ""ЧЕЛЯБИНСК-АВРОРА""             ";MOFJ
"ККО ""АРТЕМОВСКИЙ""                  ";MOFK
"ККО ""ПЕРМЬ-ДРУЖБА""                 ";MOFL
"ККО ""ЧЕЛЯБИНСК-САТУРН""             ";MOFM
"ККО ""Новоуральский""                ";MOFN
"ККО ""ЕКАТЕРИНБУРГ-КУПЕЧЕСКИЙ""      ";MOFO
"ККО ""ЕКАТЕРИНБУРГ-АКВАМАРИН""       ";MOFP
"ККО ""ЕКАТЕРИНБУРГ-ПРОСПЕКТ КОСМОНАВ";MOFQ
"ККО ""Екатеринбург-Ботанический""    ";MOFR
"ККО ""ЕКАТЕРИНБУРГ-УЛИЦА КУЗНЕЦОВА"" ";MOFS
"ККО ""ЕКАТЕРИНБУРГ-ЯШМА""            ";MOFU
"ККО ""ЕКАТЕРИНБУРГ-УРАЛМАШ""         ";MORM
"ККО ""ЕКАТЕРИНБУРГ-РОДОНИТОВЫЙ""     ";MORI
"ККО ""КАЧКАНАР""                     ";MOFV
"ККО ""ЕКАТЕРИНБУРГ-МИНЕРАЛ""         ";MOFW
"ККО ""Екатеринбург-Престиж""         ";MOFX
"ККО ""ЕКАТЕРИНБУРГ-МЕНДЕЛЕЕВСКИЙ""   ";MOML
"ККО ""МАГНИТОГОРСК-МАГНИТ""          ";MOFY
"ККО ""КАМЕНСК-УРАЛЬСКИЙ-ПРОСПЕКТ ПОБ";MOFZ
"ККО ""НИЖНИЙ ТАГИЛ-САПФИР""          ";MOGH
"ККО ""ВЕРХНЯЯ ПЫШМА""                ";MOGD
"ККО ""ПЕРМЬ-ДЯГИЛЕВСКИЙ""            ";MOGE
"ККО ""САНКТ-ПЕТЕРБУРГ-ЛЕСНОЙ ПРОСПЕК";MOGF
"ККО ""ТЮМЕНЬ-ЗНАМЕНСКИЙ""            ";MOGG
"ККО ""ЧЕЛЯБИНСК-ЛОКОМОТИВ""          ";MOLO
"ККО ""ЕКАТЕРИНБУРГ-УЛИЦА ГОРЬКОГО""  ";MORO
Секьюритизация кредитов            ;WACO
"АО ""АЛЬФА-БАНК"" 1                  ";WA51
"АО ""АЛЬФА-БАНК"" 2                  ";WA52
"АО ""АЛЬФА-БАНК"" 3                  ";WA53
"АО ""АЛЬФА-БАНК"" 4                  ";WA54
"АО ""АЛЬФА-БАНК"" 5                  ";WA55
"АО ""АЛЬФА-БАНК"" 6                  ";WA56
"АО ""АЛЬФА-БАНК"" 7                  ";WA57
"АО ""АЛЬФА-БАНК"" 8                  ";WA58
"АО ""АЛЬФА-БАНК"" 9                  ";WA59
"АО ""АЛЬФА-БАНК"" 10                 ";WA60
"АО ""АЛЬФА-БАНК"" 11                 ";WA61
"АО ""АЛЬФА-БАНК"" 12                 ";WA62
"АО ""АЛЬФА-БАНК"" 13                 ";WA63
"АО ""АЛЬФА-БАНК"" 14                 ";WA64
"АО ""АЛЬФА-БАНК"" 15                 ";WA65
"АО ""АЛЬФА-БАНК"" 16                 ";WA66
"АО ""АЛЬФА-БАНК"" 17                 ";WA67
"АО ""АЛЬФА-БАНК"" 18                 ";WA68
"АО ""АЛЬФА-БАНК"" 19                 ";WA69
"АО ""АЛЬФА-БАНК"" 20                 ";WA70
"АО ""АЛЬФА-БАНК"" 21                 ";WA71
"АО ""АЛЬФА-БАНК"" 22                 ";WA72
"АО ""АЛЬФА-БАНК"" 23                 ";WA73
"АО ""АЛЬФА-БАНК"" 24                 ";WA74
"АО ""АЛЬФА-БАНК"" 25                 ";WA75
"АО ""АЛЬФА-БАНК"" 26                 ";WA76
"АО ""АЛЬФА-БАНК"" 27                 ";WA77
"АО ""АЛЬФА-БАНК"" 28                 ";WA78
"АО ""АЛЬФА-БАНК"" 29                 ";WA79
"АО ""АЛЬФА-БАНК"" 30                 ";WA80
"АО ""АЛЬФА-БАНК"" 31                 ";WA81
"АО ""АЛЬФА-БАНК"" 32                 ";WA82
"АО ""АЛЬФА-БАНК"" 33                 ";WA83
"АО ""АЛЬФА-БАНК"" 34                 ";WA84
"АО ""АЛЬФА-БАНК"" 35                 ";WA85
"Филиал Хабаровский  АО ""Альфа-Банк""";XBCO
"ОО ""Находкинский"" фи               ";XBNA
"ОО ""Дальневосточный""               ";XBDV
"ОО ""Сахалинский""  АО               ";XBSH
"ОП №48561 ОО ""Дальневосточный""     ";XBOP
Технический Д/Р ф-л Дальневосточный;XB98
Технический Д/Р ф-л Сахалинский    ;XB99
Филиал Новосибирский               ;NVCO
"ОО ""Томский"" филиала ""Новосибирский";NVTM
"ОО ""Омский"" ф-ла ""Новосибирский""   ";NVOM
"ОО ""Кемеровский"" ф-ла ""Новосибирски";NVKM
"ОО ""Новокузнецкий"" филиала ""Новосиб";NVNK
"ОО ""Иркутский"" филиала ""Новосибирск";NVIR
"ОО ""Ангарский"" филиала ""Новосибирск";NVAN
"ОО ""Алтайский"" АО ""АЛЬФА-БАНК""     ";NVAL
Технический Д/Р ф-л Иркутский      ;NV96
Технический Д/Р ф-л Алтайский      ;NV97
Технический Д/Р ф-л Кемеровский    ;NV98
Технический Д/Р ф-л Омский         ;NV99
Филиал Ростовский                  ;ROCO
"ОО ""Волгоградский""                 ";ROVO
"ОО""КРАСНОДАРСКИЙ""Филиал""Ростовский""";ROKR
"ОО ""Черноморский""                  ";ROCH
"ОО ""Туапсинский""                   ";ROTU
Технический Д/Р ф-л Волгоградский  ;RO98
Технический Д/Р ф-л Краснодарский  ;RO99
Филиал Нижегородский               ;NZCO
"ОО ""САРАТОВСКИЙ""                   ";NZSR
"ОО ""Ижевский""                      ";NZIJ
"ОО ""Глазовский""                    ";NZGL
"ОО ""ЧЕБОКСАРСКИЙ""                  ";NZCH
"ДО ""Пушкинский"" Ф-ла               ";NZPU
"ОКВКУ ""Ижевск-Центральная""         ";NZIC
Технический Д/Р ф-л Ижевский       ;NZ99
"Филиал ""Санкт-Петербургский""       ";PTCO
"ДO ""Заневский"" Ф-ла ""Санкт-Петербур";PTZN
"ДO ""Казанская площадь"" Ф-ла C-П    ";PTKZ
"ДО ""Кировский"" Ф-ла ""Санкт-Петербур";PTKR
"ДО ""Кузнецовский"" Ф-ла ""Санкт-Петер";PTKU
"ДО ""Лахта"" Ф-ла ""Санкт-Петербургски";PTLA
"ДО ""Лиговский"" Ф-ла ""Санкт-Петербур";PTLG
"ДО ""Литейный"" Ф-ла ""Санкт-Петербург";PTLT
"Обменный пункт №1ф-л ""Санкт-Петербу";PTOP
"ОКВКУ ""СТК Ниссан""                 ";PTNI
"ДО ""Василеостровский ф-ла С-П""     ";PTVS
"ДО ""Октябрьский"" Ф-л ""Санкт-Петербу";PTOK
"ДО ""Приморский"" Ф-лa ""Санкт-Петербу";PTPR
"ДО ""Арсенальный"" Ф-ла ""Санкт-Петерб";PTSV
"ДО ""Фрунзенский"" Ф-л ""Санкт-Петербу";PTFR
ДО Центр ипотечного кредитования ф.;PTCI
"ОО ""Мурманский"" ф-ла ""Санкт-Петербу";PTMU
"ОО ""Калининградский"" филиала ""Санкт";PTKL
Технический Д/Р ф-л Калининградский;PT98
Технический Д/Р ф-л Мурманский     ;PT99
Филиал Самарский                   ;SMCO
"ДО ""Тольяттинский"" Ф-ла ""Самарский""";SMTO
"ОО ""Бузулукский""                   ";SMBU
"ОО ""Оренбургский""                  ";SMOR
"ОО ""Орский""                        ";SMOS
"ОО ""Пермский""                      ";SMPR
"ОО ""СЕЛЕНИТ""                       ";SMGL
Технический Д/Р ф-л Орский         ;SM98
Технический Д/Р ф-л Оренбургский   ;SM99
Филиал Екатеринбургский            ;EKCO
"ДО ""Каменск-Уральский""             ";EKKU
"ОО ""Курганский""                    ";EKKR
"ДО ""Исеть""                         ";EKSK
"ОО ""Аркаим""                        ";EKTM
"ДО ""Рубин""                         ";EKML
"ДО ""Жемчужный""                     ";EKMV
"ОО ""Магнитогорский""                ";EKMG
"ДО ""Мартеновский""                  ";EKMR
"ОО ""Челябинский""                   ";EKCH
"ОО ""Демидовский""                   ";EKDM
"ОКВКУ ""Кольцово""                   ";EKKL
"ДО ""КОСМОС"" Ф-ЛА ""ЕКАТЕРИНБУРГСКИЙ""";EKYA
Технический Д/Р ф-л Курганский     ;EK98
Технический Д/Р ф-л Челябинский    ;EK99
Филиал Казанский                   ;KZCO
Филиал Башкортостан                ;BSFI
Филиал Красноярский                ;CRCO
"ДО ""Железногорский""                ";CRZH
"ДО ""Зеленогорский"" ф               ";CRZL
"ОКВКУ №1  филиала ""К               ";CROK
Филиал Пермский                    ;PRCO
"ДО ""Прикамский""                    ";PRPK
Филиал Тюменский                   ;TUCO
"ДО ""Мегионский"" Филиала ""Тюменский""";TUMG
"ДО ""Нижневартовский"" Ф-ла ""Тюменски";TUNV
"ДО ""Радужный"" Филиал               ";TURA
"ДО ""Уватский"" Ф-ла ""Тюменский""     ";TUUV
"ДО ""Югорский"" Филиал               ";TUUG
"Обменный пункт филиала ""Тюменский"" ";TUOP
"ДО ""Серебряковский""                ";TUSR
Филиал Тульский                    ;TYCO
Технический Д/Р Ф-л Тульский       ;MOTL
"ДО ""Уватский"" Филиала ""Тюменский""  ";MOUV
"Блок ""Потребительское кредитование""";MOGI
"ОО ""Казанский""                     ";NZKZ
Технический Д/Р ф-л Казанский      ;NZ98
"ДО ""ВЕДИС.ЮРЛОВО""                  ";MOLD
"ДО ""ФАВОРИТ МОТОРС.СЕМЕНОВСКАЯ""    ";MOLA
"ККО ""АЛЬФА PRIVATE ТЮМЕНЬ""         ";MOGJ
"ДО ""КОРОЛЕВ""                       ";MOTE
"ККО ""ИРКУТСК-АНГАРА""               ";MORK
"ККО ""КЕМЕРОВО-НАБЕРЕЖНЫЙ""          ";MONB
"ККО ""САНКТ-ПЕТЕРБУРГ-МОСКОВСКИЙ ПРО";MOSE
"ДО ""ВЕДИС. МАРФИНО""                ";MORF
"ККО ""АЛЬФА PRIVATE ЧЕЛЯБИНСК""      ";MOLH
"ДО ""ВЕШКИ""                         ";MOMB
"ДО ""ОДИНЦОВО""                      ";MOOD
"ОО ""Чароит""                        ";NVCH
"ДО ""Пулковский меридиан""           ";PTPM
Технический ЦО зарплатный          ;MOZP
"ДО ""НЕЗАВИСИМОСТЬ. БЕЛАЯ ДАЧА""     ";MOND
"ДО ""ФАВОРИТ МОТОРС. РЕУТОВ""        ";MORV
"ДО ""1905 года""                     ";MOGK
"ККО ""САНКТ-ПЕТЕРБУРГ-ЕС-КОМЕНДАНТСК";MOGL
"ККО ""НОВОСИБИРСК-EC-ДВОРЕЦ СВЯЗИ""  ";MOZO
"ККО ""ЕКАТЕРИНБУРГ-EC-ДВОРЕЦ СВЯЗИ"" ";MOZI
Технический Д/Р ф-л                ;SM97
"ДО ""АЛЬФА PRIVATE ОРДЫНКА""         ";MOZU
"ККО ""ЛИПЕЦК-ПЕТРОВСКИЙ""            ";MOZM
"ОО ""Тойота - Центр  Кемеровский""   ";NVTC
"ДО ""Астория""                       ";ROAS
"ОО ""Кубанский""                     ";ROKU
"ДО ""Асмоловский""                   ";ROBS
"ДО ""Космонавтов""                   ";ROKS
"ДО ""Курай""                         ";BSKR
"ДО ""Салават""                       ";BSSA
"ДО ""Черниковский""                  ";BSCH
"ККО ""НОВОСИБИРСК-ЕС-               ";MORJ
"ККО ""НОВОСИБИРСК-EC-               ";MOSW
"ККО ""НОВОСИБИРСК-EC-НА ДОВАТОРА""   ";MOOV
"ККО ""КАЗАНЬ-ЕС-НА БАУМАНА""         ";MOTK
"ККО ""ЕКАТЕРИНБУРГ-EC               ";MORZ
"ОО ""Виктория""                      ";EKVK
"ОО ""Доватора""                      ";EKDV
"ОО ""Галактика"" Ф-ла ""Екатеринбургск";EKGL
"ОО ""Калининский""                   ";EKKN
"ОО ""Сталеваров""                    ";EKST
"ОО ""Авангард""                      ";EKAV
"ОО ""Архангельский""                 ";PTAR
"Блок ""Потреб. кредитование""        ";MOGM
"Блок ""Потребительск. кредитование"" ";MOGN
"ДО ""ПАНАВТО. ЗАРЕЧЬЕ""              ";MOLN
"ДО ""ВЕДИС. МИЧУРИНО""               ";MORN
"ДО ""АВТО АЛЕА. ВЛАДЫКИНО""          ";MOVQ
"ДО  ""НЕЗАВИСИМОСТЬ. ХИМКИ""         ";MOLR
"ДО  ""ФАВОРИТ МОТОРС. СЕМЕНОВСКАЯ 2""";MOOC
"ДО ""Белореченский""                 ";EKBR
"ДО ""Политехнический""               ";EKPL
"ДО ""Салют""                         ";EKSL
"ДО ""Ватутинский""                   ";EKVT
"ДО ""Агат""                          ";EKAG
"ККО ""ВЛАДИВОСТОК-ЦЕНТРАЛЬНЫЙ""      ";MOVV
"ДО ""Набережные Челны               ";KZNC
"ДО ""Индустриальный""                ";EKIN
"ДО ""Заводской""                     ";EKZV
"ДО ""Морозовский""                   ";EKMZ
"ДО ""Вагоностроительный""            ";EKVG
"ДО ""Набережный""                    ";EKNB
"ККО ""СТЕРЛИТАМАК-ЕС-ШИХАН""         ";MOSG
"ККО ""УФА-ЕС-НА УХТОМСКОГО""         ";MOUH
"ККО ""УФА-ЕС-БЕССОНОВА""             ";MOUB
"ККО ""САНКТ-ПЕТЕРБУРГ-ЕС- НЕВСКИЙ   ";MOSN
"ДО ""Морской""                       ";NVMO
"ДО ""Магистральный""                 ";NVMA
"ОО ""Поволжье""                      ";ROPO
"ОО ""Ударник""                       ";ROUD
"ОО ""Волжский""                      ";ROVL
"ККО ""СУРГУТСКИЙ""                   ";MOSU
"ДО ""Новочеркасский""                ";PTNV
"ДО ""Муринский ручей""               ";PTMR
"ОО ""Атриум"" Филиала                ";SMAT
"ДО ""БОЛЬШАЯ ТУЛЬСКАЯ""              ";MOTO
"ДО ""МИКЛУХО-МАКЛАЯ""                ";MOMM
"ДО ""ЗЕЛЕНОДОЛЬСКИЙ""                ";MOZD
"ККО ""ТУЛА-ЕС-ДВОРЕЦ СВЯЗИ""         ";MOTW
"ДО ""Староневский""                  ";PTSN
"ДО ""СРЕДНИЙ ПРОСПЕКТ               ";PTSP
"ОО ""Флагман""                       ";NVFL
"ДО ""Покровский""                    ";NZPK
"ККО ""САНКТ-ПЕТЕРБУРГ-ЕС- ДЫБЕНКО,  ";MOPD
"ДО ""Улица Зорге""                   ";KZZO
"ДО ""Улица Декабристо               ";KZDK
"ОО ""Студенческий""                  ";NVST
"ОО ""Площадь Победы""                ";NVPP
"ОО ""Проспект Советск               ";NVPS
"ДО ""Даудель""                       ";TUDU
"ДО ""Океан""                         ";TUOK
"ДО ""ХИМКИНСКИЙ""                    ";MOHM
"ДО ""ОДИНЦОВСКИЙ""                   ";MOOI
"ДО ""ЮГО-ЗАПАДНЫЙ""                  ";MOYZ
"ОО ""Улица Тольятти""                ";NVTL
"ОО ""Улица Кирова""                  ";NVKR
"ДО ""Буревестник""                   ";NZBR
"ККО ""БАРНАУЛ-ЕС-НА БАЛТИЙСКОЙ""     ";MOGP
"ККО ""ИЖЕВСК-ЕС-НА ПУШКИНСКОЙ""      ";MOPU
"ККО ""БАРНАУЛ-ЕС-НА ГЕОРГИЕВА""      ";MOGV
"ОО ""Рудный""                        ";SMRD
"ОО ""Первореченский""                ";XBPR
"ОО ""Купеческий""                    ";NVKP
"ОО ""Маршала Жукова""                ";NVLB
"ДО ""Победа""                        ";NVPB
"ОО ""Италмас""                       ";NZIT
"ДО ""УЛИЦА ВЫСОТНАЯ""                ";CRVS
"ККО ""НОВОСИБИРСК-ГОРСКИЙ""          ";MONQ
"ОО ""УЛИЦА НЕДЕЛИНА""                ";MONL
"ДО ""ПРЕДМОСТНАЯ ПЛОЩАДЬ""           ";CRPR
"ДО ""Взлетка""                       ";CRVZ
"ДО ""АВРОРА""                        ";NVAV
"ДО ""АГИБАЛОВСКИЙ""                  ";SMAG
"ОО ""УЛИЦА ЧАПАЕВА""                 ";NZCP
"ККО ""УФА-ЕС-НА КОЛЬЦЕВОЙ""          ";MOUF
"ДО ""ПРОСПЕКТ КОСМОНАВТОВ""          ";MOPB
"ДО ""ПЕРЕЯСЛАВСКИЙ""                 ";MOPC
"ДО ""УЛИЦА ДУБРАВНАЯ""               ";MOUD
"ККО ""КРАСНОДАР-ЕС-НА ГИМНАЗИЧЕСКОЙ ";MOZC
"ДО ""УЛИЦА СУВОРОВА""                ";XBSU
"ДО ""СВОБОДНЫЙ ПРОСПЕКТ""            ";MOSY
"ДО ""НЕГЛИННАЯ""                     ";MONY
"ДО ""ВОРОНЦОВО ПОЛЕ""                ";MOVW
"ДО ""ГИЛЯРОВСКОГО""                  ";MOGS
"ДО ""ЧИСТЫЕ ПРУДЫ""                  ";MOPF
"ДО ""БАУМАНСКИЙ""                    ";MOUM
"ДО ""ВОРОНЦОВСКИЙ""                  ";MOVX
"ДО ""ЛЮБЛИНСКИЙ""                    ";MOMF
"ДО ""КУТУЗОВСКИЙ""                   ";MOUT
"ДО ""СОКОЛЬНИЧЕСКАЯ П               ";MOSQ
"ДО ""УЛИЦА 1905 ГОДА""               ";MOGQ
"ДО ""РЕЧНОЙ""                        ";MORX
"ДО ""ОСТАШКОВСКОЕ""                  ";MOSJ
"ККО ""ЛИПЕЦК-ЕС-НА ЗАВОДСКОЙ""       ";MOZW
"ОО ""Улица Герасимова""              ";SMGR
"ККО ""Новый Уренгой""                ";MONU
"ОО ""Заполярный""                    ";PTZP
"ДО ""ФЕСТИВАЛЬНЫЙ""                  ";NVFS
БПК Кредитный брокер 2             ;MOGT
"Блок ""Потреб.кредитование""         ";MOGU
Технический Бэк-офис               ;MOGW
"ДО ""НОВОГИРЕЕВО""                   ";MOOG
"ДО ""МАРЬИНО""                       ";MOMQ
"ККО ""Калининград-ЕС-МЕГА""          ";MOLF
"ДО ""ЗАМОСКВОРЕЧЬЕ""                 ";MOZR
"ККО ""САНКТ-ПЕТЕРБУРГ-ПРОСПЕКТ ПРОСВ";MOPH
"ККО ""Омск-Никольский""              ";MOON
"ККО ""ВЛАДИМИРСКИЙ""                 ";MOVY
"ККО ""Рязанский""                    ";MORL
"ККО ""Тюмень-ЕС-НА МЕЛЬНИКАЙТЕ      ";MOTF
"ОО ""Тойота - Центр Кубань""         ";ROTC
"ОО ""Улица Республики""              ";EKTU
"ОО ""Мегионский""                    ";EKMN
"ОО ""Югорский""                      ";EKUG
"ОО ""Тюменский""                     ";EKSR
"ОО ""Океан""                         ";EKOK
"ОО ""Нижневартовский""               ";EKNV
"ОО ""Даудель""                       ";EKDU
"ОО ""Радужный""                      ";EKRD
Технический Д/Р ф-л Тюменский      ;EK97
"ДО ""ААА АВТО. ЩЕРБИНКА""            ";MOSI
"ККО ""ОРЕНБУРГ-ПЕРОВСКИЙ""           ";MOOP
"ККО ""СОРОЧИНСК-ЕС-НА ВОЛОДАРСКОГО"" ";MOVZ
"ККО ""САНКТ-ПЕТЕРБУРГ-ЕС-ПС БОЛЬШОЙ ";MOPI
"ДО ""Красный Проспект""              ";NVPR
"ДО ""ВАРШАВСКИЙ""                    ";MOWR
"ККО ""НИЖНИЙ НОВГОРОД-ЗАРЕЧЬЕ""      ";MONA
"ДО ""Панавто Ростовский""            ";ROPA
"ККО ""САНКТ-ПЕТЕРБУРГ-КУПЧИНО""      ";MOPQ
"ККО ""МИАСС-ЕС-ПРОСПЕКТ АВТОЗАВОДЦЕВ";MOMV
"ДО ""Окский""                        ";NZOK
"ОО ""Предмостная площадь""           ";NVPM
"ОО ""Взлетка""                       ";NVVZ
"ОО ""Улица Высотная""                ";NVVS
"ОО ""Железногорский""                ";NVZG
"ОО ""Красноярский""                  ";NVKS
ОКВКУ Красноярск Ф-ла Новосибирский;NVOK
Технический Д/Р ф-л Красноярский   ;NV95
"ККО ""ИВАНОВСКИЙ""                   ";MOIV
"ДО ""Балканский""                    ";PTBL
"ОО ""Волочаевский""                  ";NVVL
"ККО ""СТАВРОПОЛЬ-ЭДЕЛЬВЕЙС""         ";MOTH
"ККО ""ОМСК-УСПЕНСКИЙ""               ";MOUK
"Филиал ""Ставропольский""            ";STCO
"ОО ""Липки""                         ";NZLI
"ДО  ""ФАВОРИТ МОТОРС. СЕМЕНОВСКАЯ 3""";MOMJ
"ДО ""КРАСИВАЯ ЗЕМЛЯ. ПРОСПЕКТ АНДРОП";MOZZ
"ККО ""АБАКАНСКИЙ""                   ";MOII
"ДО ""ЧОНГАРСКИЙ БУЛЬВАР""            ";MOTX
"ДО ""Выборгский""                    ";PTVB
"ОО ""Набережные Челны""              ";NZNC
"ОО ""Улица Зорге""                   ";NZZO
"ОО ""Улица Декабристов""             ";NZDK
"ККО ""ЯКУТСКИЙ""                     ";MOYK
"ККО ""КУРСКИЙ""                      ";MOUC
"ДО ""НИМАЛ. ИРКУТСКАЯ""              ";MONM
"ДО ""УЛИЦА БУТЫРСКАЯ""               ";MOTQ
"ДО ""КРЫЛАТСКОЕ""                    ";MORW
"ДО ""ЗАПАДНЫЙ""                      ";ROZA
"ДО ""УДАЛЬЦОВА""                     ";MOUW
"ДО ""ВОРОБЬЕВЫ ГОРЫ""                ";MOGY
"ДО ""БАЛАШИХА""                      ";MOLJ
"ККО ""КРАСНОЯРСК-КРАСНЫЙ ЯР""        ";MORR
"ККО ""БИЙСКИЙ""                      ";MOJC
"ККО ""Вологодский""                  ";MOLQ
"ДО ""АВТОЦЕНТР СИТИ. КАШИРСКИЙ""     ";MOTI
"ККО ""РОСТОВ-НА-ДОНУ-ГОРИЗОНТ""      ";MOGZ
"ОО ""Пензенский""                    ";NZPN
"ДО ""Октябрьский 2""                 ";PTOT
"ОО ""Преображенский""                ";MOPX
"ДО ""Самоцветы Урала""               ";EKSM
"ДО ""ХОРОШЕВСКИЙ""                   ";MOXR
"ККО ""САНКТ-ПЕТЕРБУРГ-ПИОНЕРСКИЙ""   ";MOPW
Дирекция вторичных продаж          ;MOHB
ДВП                                ;MOHA
"ДО ""У СЕРВИС ПЛЮС. ВОЙКОВСКАЯ""     ";MOHC
Технический Д/Р ф-л Самарский      ;NZ97
"ОО ""Самарский""                     ";NZSM
"ОО ""Пермский""                      ";NZPR
"ОО ""СЕЛЕНИТ""                       ";NZSL
"ОО ""Атриум""                        ";NZAT
"ОО ""Агибаловский""                  ";NZAG
"ОО ""Рудный""                        ";NZRD
"ОО ""Тольяттинский""                 ";NZTO
"ОО ""Оренбургский""                  ";NZOR
"ОО""Бузулукский""                    ";NZBU
"ОО ""Орский""                        ";NZOS
"ОО ""Ульяновский""                   ";NZGR
"ДО ""МЫТИЩИ""                        ";MOMX
"ДО ""СЕМЕНОВСКИЙ""                   ";MOMZ
"ККО ""ХАБАРОВСК-ПРИАМУРСКИЙ""        ";MOHP
"ККО ""САРАТОВ-ТУРОВСКИЙ""            ";MOTZ
"ККО ""БРЯНСК""                       ";MOHD
"ККО ""ПЯТИГОРСКИЙ""                  ";MOHE
"ККО ""ОРСК-ПК-ЛУЧ""                  ";MORP
УЛИЦА СОВЕТСКАЯ                    ;MOUX
"ДО ""ФОРД ЦЕНТР ИЗМАЙЛОВО""          ";MORQ
"ОО ""УЛИЦА КРАСНАЯ""                 ";ROKN
"ККО ""КОМСОМОЛЬСК-НА-АМУРЕ""         ";MOLZ
"ККО ""ТВЕРЬ""                        ";MOTP
"ККО ""КРАСНОДАР-ЕКАТЕРИНИНСКИЙ""     ";MOGX
"ДО ""ПОДОЛЬСКИЙ""                    ";MOLX
"ДО ""Коломяжский"" Филиала ""Санкт-Пет";PTKO
"ДО ""ЩУКИНСКИЙ""                     ";MOTJ
"ДО ""КРАСНОГОРСК""                   ";MOHG
"ККО ""СОСНОВЫЙ БОР""                 ";MOHR
"ОО ""Икар. Саратов""                 ";NZIK
ВОЛГОГРАД-ПК-УЛИЦА МИРА            ;MOLL
"ККО ""СТЕРЛИТАМАК""                  ";MOLW
"ККО ""Иркутск-ПК-Ольхон""            ";MOHN
"ККО ""ЙОШКАР-ОЛА""                   ";MOJD
"ДО ""ЛЕКСУС ИЗМАЙЛОВО""              ";MOUA
"ККО ""Пермь-ПК-Строгановский""       ";MOHF
"ДО ""УЛИЦА ВАСИЛЕВСКОГО""            ";MOUE
"ДО ""ЧЕРНЕВО""                       ";MOUG
"ККО ""ДЗЕРЖИНСКИЙ""                  ";MOHL
"ККО ""ВОЛГОДОНСКИЙ""                 ";MOHV
"ККО ""ЯКУТСК-ДАЙМОНД""               ";MOHY
"ККО ""СЕВЕРОДВИНСКИЙ""               ";MOHS
"ККО ""АРХАНГЕЛЬСК-ПК-ТРОИЦКИЙ""      ";MOHZ
"ККО ""СТАРЫЙ ОСКОЛ""                 ";MOHJ
"ККО ""РЯЗАНЬ-ТЕАТРАЛЬНАЯ ПЛОЩАДЬ""   ";MOHO
"ККО ""НАБЕРЕЖНЫЕ ЧЕЛНЫ-БОРОВЕЦКИЙ""  ";MONH
"ОО ""СКВЕР СУРИКОВА""                ";NVSR
"ДО ""КУШТАУ""                        ";BSKU
"ДО ""Площадь Блюхера""               ";XBBL
"ККО ""ЭНГЕЛЬС""                      ";MONF
"ККО ""ПЕНЗА-ДАВЫДОВСКИЙ""            ";MOZB
"ДО ""ЩЕРБАКОВСКИЙ""                  ";MOOF
"ДО ""ХОДЫНСКИЙ""                     ";MOOE
"ДО ""ПИРОГОВСКИЙ""                   ";MOOA
"ДО ""ФАВОРИТ МОТОРС ЮГ""             ";MOYF
"ККО ""Новокузнецк-ПК-Универсал""     ";MOUI
"ОО ""Башкортостан""                  ";NZBS
"ОО ""КУШТАУ""                        ";NZKU
"ОО ""Черниковский""                  ";NZCR
"ОО ""Салават""                       ";NZSA
"ОО ""Курай""                         ";NZKR
Технический Д/Р ф-л Башкортостан   ;NZ96
"ДО ""Полюстровский""                 ";PTPL
"ДО ""ЛСР НЕДВИЖИМОСТЬ. ДАВЫДКОВСКАЯ""";MONJ
"ОО ""Улица Тельмана""                ";NZTL
"ККО ""РОСТОВ-НА-ДОНУ-МАЙСКИЙ""       ";MOHT
"ОО ""Континентальный""               ";NVKN
"ДО ""АЛТУФЬЕВО""                     ";MOHH
"ККО ""ОМСК-ТОПОЛИНЫЙ""               ";MOOJ
"ДО ""У СЕРВИС ПЛЮС. АВТОЗАВОДСКАЯ""  ";MONX
"ДО ""У СЕРВИС ПЛЮС. ОБРУЧЕВА""       ";MONW
"ДО ""У СЕРВИС ПЛЮС. ОСЕННЯЯ""        ";MONP
"ДО ""ОБУХОВ СИТИ""                   ";MOOH
"ДО ""ОБУХОВ МИТИНО""                 ";MOOO
"ДО ""ОБУХОВ ИЗМАЙЛОВО""              ";MOOQ
"ДО ""ОБУХОВ ДОМОДЕДОВО""             ";MOOW
"ДО ""ПРОФСОЮЗНАЯ""                   ";MOYB
"ДО ""НАХИЧЕВАНСКИЙ""                 ";RONA
"ОО  ""Лазурит""                      ";NVLZ
"ККО ""САМАРА-УЛИЦА ПОБЕДЫ""          ";MOUJ
"ДО ""УЛИЦА ЛЕСКОВА""                 ";MOUU
"ККО ""ИРКУТСК-ЛЕРМОНТОВСКИЙ""        ";MOHK
"ККО ""НИЖНИЙ НОВГОРОД-МЕЩЕРСКИЙ""    ";MOHQ
"ОО ""Аркада""                        ";MOHW
"ОО ""Промышленный""                  ";NZPM
"ДО ""ФАВОРИТ МОТОРС ЮГ 2""           ";MOHX
"ДО ""Черемушки""                     ";MOJE
"ДО ""Перово""                        ";MOJF
ДО Зеленый проспект                ;MOZQ
"ККО ""АБАКАН-ЧЕРНОГОРСКИЙ ПАРК""     ";MOJG
"ОО ""Улица Ершова""                  ";NZER
"ККО ""ТОЛЬЯТТИ-АВТОЗАВОДСКИЙ""       ";MOJH
"ДО ""ЖУЛЕБИНО""                      ";MOJI
"ККО ""Барнаул-ПК-Проспект Строителей";MOJJ
"ОО  ""АДМИРАЛТЕЙСКИЙ""               ";MOJV
"ДО ""ЗЕЛЕНОГРАД""                    ";MOJW
"ДО ""ГОРДЕЕВСКИЙ""                   ";NZGO
"ОО ""ПРОСПЕКТ КИРОВА""               ";NZKV
"ККО ""ИЖЕВСК-ДЕРЯБИНСКИЙ""           ";MOJT
"ОО""Улица Солнечная""в г.Сосновый Бор";PTSL
"ККО ""САМАРА-СТАРА ЗАГОРА""          ";MOJY
"ККО ""ВОРОНЕЖ-ПЛАТОНОВСКИЙ""         ";MOJZ
"ККО ""КАЛИНИНГРАД-УЛИЦА ЧЕРНЯХОВСКОГ";MOOX
"ККО ""СЫЗРАНЬ""                      ";MOOY
"ОО ""ЛЕКСУС-ЦЕНТР ВОРОНЕЖ""          ";MOZF
"ОО ""ТОЙОТА-ЦЕНТР ВОРОНЕЖ""          ";MOZG
"ДО ""УЛИЦА ПОРЫВАЕВОЙ""              ";MOOZ
"ДО ""ОККЕРВИЛЬ""                     ";PTKK
"ОО ""Улица Конституции""             ";ROKT
"ККО ""САНКТ-ПЕТЕРБУРГ-ВОЛОДАРСКИЙ МО";MOJX
"ДО ""КРЮКОВО""                       ";MOUO
"ДО ""РЯЗАНСКИЙ ПРОСПЕКТ""            ";MOZJ
"ККО ""САНКТ-ПЕТЕРБУРГ-ПРОСПЕКТ БОЛЬШ";MOQA
"ККО ""ЯРОСЛАВЛЬ-РОЖДЕСТВЕНСКИЙ""     ";MOYC
"ККО ""СОЧИ-РИВЬЕРА""                 ";MOYD
"ДО ""ОПТИМУМ АВТО ЩЕЛКОВСКАЯ""       ";MOYE
"ДО ""Кусково""                       ";MOUQ
"ДО ""ЧЕРТАНОВСКАЯ""                  ";MOZT
"ДО ""БАЛАКЛАВСКИЙ""                  ";MOQB
КРАСНОДАР-ПК-УЛ.КРАСНЫХ ПАРТИЗАН   ;MOYP
"ДО ""АВИАМОТОРНАЯ""                  ";MOYL
"ДО ""ЭНТУЗИАСТОВ""                   ";MOQC
"ДО ""Улица Минская""                 ";MOWN
"Пр-во АО""Альфа-Банк""в Рес.Беларусь ";MOYN
Технический для Внебаланса         ;VNEB
"ККО ""НОВОСИБИРСК-ПЛОЩАДЬ КАЛИНИНА"" ";MOYJ
"ККО ""ЛИПЕЦК-ЗВЕЗДНЫЙ""              ";MOYM
"ККО ""АЛЬФА PRIVATE КРАСНОЯРСК""     ";MOYI
"ККО ""КРАСНОДАР-ВЕГА""               ";MOZY
"ДО ""СМОЛЕНСКАЯ""                    ";MOYH
"ДО ""СХОДНЕНСКАЯ""                   ";MOYY
"ДО ""НИКА МОТОРС КОЛОМЕНСКОЕ""       ";MOXZ
ДО ФАВОРИТ МОТОРС ЮГ 3             ;MOZX
"ДО ""ЛЕНИНГРАДСКОЕ ШОССЕ 71""        ";MOXY
"ДО ""Малая Конюшенная""              ";PTKN
Отделение OCRM УВП                 ;MOYX
"ДО ""Яна Райниса""                   ";MOXX
"ДО ""ПЛОЩАДЬ СМОЛЕНСКАЯ-СЕННАЯ""     ";MOQD
"ККО ""ИЗЛУЧИНСК-ПК-ЭНЕРГЕТИКОВ""     ";MOQF
"ККО ""ПЕРМЬ-БАЛАТОВСКИЙ""            ";MOGB
"ОО""Авиатор""г.Липецк                ";MOQE
"ККО ""БЕРДСКИЙ""                     ";MOQG
"ДО ""КОЛОМЕНСКИЙ""                   ";MOQH
"ККО ""ЛИНЕВО-ПК-СИБИРСКИЙ""          ";MOWM
"ДО ""Улица Ивановская""              ";PTIV
"ККО ""НОВОЧЕРКАССК-ПЛАТОВСКИЙ""      ";MOWT
"ККО ""ОМСК-ПАРК КУЛЬТУРЫ""           ";MOWP
"ОО ""Юность""                        ";NVYN
"ОО""Благодатный"" в г.Краснодар      ";ROBL
"ДО""Парковый"" г.Бердск              ";NVPA
"ККО ""ЧЕБОКСАРЫ-АТАЛ""               ";MOWQ
"ДО ""АВТОЗАВОДСКИЙ""                 ";MOQI
"ОО ""ОНИКС""                         ";NZON
"ККО ""ТОМСК-МАГИСТРАТ""              ";MOWU
"ККО ""ТУЛА-ЯСНАЯ ПОЛЯНА""            ";MOWO
"ДО ""АВТОЗАВОДСКИЙ ПРОЕЗД""          ";MOQJ
"ОО ""Надежда"" в г.Чебоксары         ";NZNA
"ККО ""САНКТ-ПЕТЕРБУРГ-ФРАНЦУЗСКИЙ БУ";MOWV
"ДО ""Бульвар Новаторов""             ";PTBN
"ККО ""ТАГАНРОГ-ЧЕХОВСКИЙ""           ";MOQK
"ДО ""Спортивный""                    ";NVSP
"ККО ""САНКТ-ПЕТЕРБУРГ-ТАВРИЧЕСКИЙ СА";MOWW
"ДО ""ЛЮБЕРЦЫ""                       ";MOQL
"ККО ""ПЕТРОЗАВОДСК-ОНЕЖСКИЙ""        ";MOWX
"ДО""Кремлевский""                    ";NZKM
"ДО ""ПРОСПЕКТ АНДРОПОВА""            ";MOQM
"ДО ""ДОМИНИОН""                      ";MOWY
"ДО ""КИЕВСКИЙ""                      ";MOQN
"ККО ""УЛЬЯНОВСК-УЛИЦА ГОНЧАРОВА""    ";MOWZ
"ККО ""САНКТ-ПЕТЕРБУРГ-МЕЖДУНАРОДНЫЙ""";MOQO
"ДО ""Витебский""                     ";PTVI
"ККО ""ЯСНЫЙ-ПК-ГОРНЫЙ ЛЕН""          ";MOXA
"ККО ""ОРЕНБУРГ-ПК-АКСАКОВСКИЙ""      ";MOQQ
"ККО ""КУРГАН-ПК-ВЫСТАВОЧНЫЙ ЦЕНТР""  ";MOXC
"ККО ""МИАСС-ПК-САМОРОДОК""           ";MOXB
"ККО ""Магнитогорск-ПК-Прогресс""     ";MOQR
"ДО ""Дорогомиловский""               ";MOUY
"ДО ""УЛИЦА ГАРИБАЛЬДИ""              ";MOXD
"ККО ""АЛЬФА PRIVATE КРАСНОДАР""      ";MOWA
"ДО ""ЦАРИЦЫНО""                      ";MOXE
"ДО ""Улица Песчаная""                ";MOWB
"ДО ""ОТРАДНОЕ""                      ";MOWD
"ККО ""БАРНАУЛ-ПРЕСТИЖ""              ";MOWC
"ККО ""НОВОКУЗНЕЦК-ПРОСПЕКТ-БАРДИНА"" ";MOXF
"ДО ""УЛИЦА ЛУГАНСКАЯ""               ";MOXH
"ДО ""Байконур""                      ";MOXG
"ККО ""КОМСОМОЛЬСК-НА-АМУРЕ-ПК-ЮНОСТЬ";MOXI
"ККО ""КЕМЕРОВО-ПК-ГРАНИТ""           ";MOWE
"ОО ""Куршская коса""                 ";PTSH
"ДО ""БУЛЬВАР ДМИТРИЯ ДОНСКОГО""      ";MOWF
"ДО ""АННИНО""                        ";MOXJ
"ДО ""Улица Бухарестская""            ";PTBU
"ОО ""Псковский""                     ";PTPS
"ККО ""САРАНСКИЙ""                    ";MOWG
"ДО ""БУТОВО""                        ";MOXK
"ККО ""ПСКОВ-ЛЕТНИЙ САД""             ";MOXL
"ДО ""АТЛАНТИС""                      ";MOWH
Технический ДК                     ;UCHZ
"ККО ""ВЛАДИВОСТОК-ТИХООКЕАНСКИЙ""    ";MOXN
"ККО ""АЧИНСК-ПК-ЧУЛЫМ""              ";MOWJ
"ККО ""ПРОКОПЬЕВСК-ПК-УГОЛЬНЫЙ""      ";MOXM
"ККО ""КРАСНОДАР-КАРАСУНСКИЙ""        ";MOWI
"ДО ""Улица Ворошилова""              ";XBVR
"ОО ""Парк Гагарина""                 ";NVPG
"ДО ""ТИМИРЯЗЕВСКАЯ""                 ";MOWK
"ДО ""НИКА МОТОРС КОЛОМЕНСКОЕ 2""     ";MOWL
"ДО ""НИКА МОТОРС ОТРАДНОЕ""          ";MOXO
"ДО ""ТОЙОТА ЦЕНТР ЛЕВОБЕРЕЖНЫЙ""     ";MOXP
"ОО ""Улица Некрасовская""            ";XBNE
"ОО ""Казачий""                       ";ROKZ
"ККО ""ЕКАТЕРИНБУРГ-БИРЮЗОВЫЙ""       ";MOYO
"ДО ""Улица Яблочкова""               ";MOXQ
"ДО ""Приборостроительный""           ";NVPT
"ККО ""ВОЛГОГРАД-ПК-КРАСНЫЙ ОКТЯБРЬ"" ";MOYQ
"ДО ""Основинский""                   ";EKOS
"ККО ""ТВЕРЬ-ТВЕРСКОЙ ПРОСПЕКТ""      ";MOXS
"ДО ""КАХОВСКАЯ""                     ";MOYS
"ДО ""НОВОКОСИНСКИЙ""                 ";MOXT
"ДО ""ЮЖНАЯ""                         ";MOYT
"ККО ""САНКТ-ПЕТЕРБУРГ-УЛИЦА ДЫБЕНКО""";MOXU
"ДО ""Парк Есенина""                  ";PTPE
"ОО ""Железнодорожный""               ";NZZH
ДО НОСОВИХИНСКОЕ ШОССЕ             ;MOYV
"ОО ""Городской сад""                 ";MOYW
"ДО ""УЛИЦА АЗОВСКАЯ""                ";MOXV
"ККО ""САНКТ-ПЕТЕРБУРГ-ПАРК ПОБЕДЫ""  ";MOA1
"ККО ""ИЖЕВСК-ПК-УЛИЦА УДМУРТСКАЯ""   ";MOXW
"ДО ""УЛИЦА СУМСКАЯ""                 ";MOA2
"ДО ""ПОХОДНЫЙ ПРОЕЗД""               ";MOA4
"ДО ""РУНОВСКИЙ""                     ";MOA5
"ДО ""ОКТЯБРЬСКОЕ ПОЛЕ""              ";MOA6
"ДО ""ВОЙКОВСКАЯ""                    ";MOA7
"ДО ""Улица Народного Ополчения""     ";MOA8
"ДО ""СВИБЛОВО""                      ";MOA9
"ККО ""САМАРА-СОВРЕМЕННИК""           ";MOA0
"ДО ""УЛИЦА СНЕЖНАЯ""                 ";MOB0
"ОО ""Бурановский""                   ";NZUR
"ККО ""Магнитогорск-ПК-Капитал""      ";MOB1
"ДО ""РОЛЬФ ХИМКИ""                   ";MOB2
"ОО ""Улица Советской Армии""         ";NZSV
"ДО ""Улица Радиаторская""            ";MOB3
"ДО ""Улица Бассейная""               ";PTBS
Процессинговый Центр               ;MOB4
"ОО ""КЛЮЧАВТО КРЫЛАТАЯ 12""          ";ROKL
"ККО ""ТЮМЕНЬ-ЖЕМЧУЖИНА СИБИРИ""      ";MOB5
"Кредитно-кассовый офис ""ВЯТКА""     ";MOB6
"ОО ""Улица Пермякова""               ";EKPE
"ДО ""ФИЛИ""                          ";MOB7
"ДО ""Петроградский""                 ";PTPT
"ККО ""ТЮМЕНЬ-ПК-ЕВРОПЕЙСКИЙ""        ";MOB8
"ДО ""УЛИЦА ТУЧКОВСКАЯ""              ";MOC0
"ККО ""КАЛУГА-УЛИЦА КИРОВА""          ";MOC2
"ККО ""ТЮМЕНЬ-ПК-ЯМСКАЯ""             ";MOB9
"ККО ""УФА-ПК-ТОЛПАР""                ";MOC3
"ОО ""Заречный""                      ";EKZR
"ОО ""Калужский""                     ";MOC4
"ОО ""Бульвар Славы""                 ";NZBL
"ККО ""ЯКУТСК-ПК-СТЕРХ""              ";MOC5
"ККО ""КРАСНОЯРСК-ПК-9 МАЯ""          ";MOC6
"ККО ""КРАСНОЯРСК-ПК-ОРБИТА""         ";MOC7
ККО КРАСНОЯРСК-ПК-ПАРТИЗАНА ЖЕЛЕЗН ;MOC8
"ДО ""ЛАУРА ОЗЕРКИ""                  ";PTLO
"ККО ""СМОЛЕНСКИЙ""                   ";MOC9
"ОО ""ТТС Рубежная""                  ";NZRU
"ККО ""КАЗАНЬ-ПК-АВИАСТРОИТЕЛЬНЫЙ""   ";MOD0
"ККО ""ЗЛАТОУСТ-ПК-ТАГАНАЙ""          ";MOD2
"ОО ""Авиагородок""                   ";NVAG
"ОО ""Планета""                       ";NVPL
"ККО ""ЙОШКАР-ОЛА-ПК-НОВОПОКРОВСКАЯ"" ";MOD3
"ККО ""ОРЕЛ""                         ";MOD4
"ККО ""УЛАН-УДЭ""                     ";MOD5
"ОО ""Красномосковский""              ";NVMS
"ДО ""А-КЛУБ ВОРОНЦОВСКИЕ ПРУДЫ""     ";MOD6
"ДО ""ФАВОРИТ МОТОРС ТОМИЛИНО""       ";MOD7
"ККО ""САНКТ-ПЕТЕРБУРГ-ЛАХТИНСКИЙ РАЗ";MOD8
"ККО ""САРАНСК-ПК-УШАКОВСКИЙ""        ";MOD9
"ККО ""СЫЗРАНЬ-ПК-СПАССКИЙ""          ";MOE2
"ДО ""РАМЕНКИ""                       ";MOE3
"ДО ""ФАВОРИТ МОТОРС КОПТЕВСКАЯ""     ";MOE4
"ККО ""Сыктывкарский""                ";MOE6
"ККО ""Березники""                    ";MOE5
"ККО ""Тюмень-ПК-Калининский         ";MOE7
"ККО ""НОВОСИБИРСК-ВОЗНЕСЕНСКИЙ""     ";MOE8
"ОО ""Проспект Ямашева""              ";NZYA
"ДО ""ФАВОРИТ МОТОРС КОПТЕВСКАЯ 2""   ";MOF2
ФАВОРИТ МОТОРС ЛЕНИНСКИЙ ПРОСПЕКТ  ;MOE9
"ККО ""САМАРА-ББ-УЛИЦА ГОРЬКОГО""     ";MOF3
"ККО ""САМАРА-ББ-УЛИЦА ВЛАДИМИРСКАЯ"" ";MOF4
"ККО ""САМАРА-ББ-ПРОСПЕКТ КИРОВА""    ";MOF5
"ККО ""НИЖНИЙ НОВГОРОД-ББ-ПЛ. ЛЯДОВА""";MOF6
"ККО ""ГУКОВО-ПК-УЛИЦА ШАХТЕРСКАЯ""   ";MOF7
"ДО ""МОСКВА-ББ-РОЖДЕСТВЕНКА""        ";MOF8
"ККО ""ХАБАРОВСК-ББ-УТЕС""            ";MOF9
"ККО ""ХАБАРОВСК-ББ-УЛИЦА ТУРГЕНЕВА"" ";MOG2
"ККО ""НОВОСИБИРСК-ББ-УЛИЦА КРЫЛОВА"" ";MOG3
"ККО ""ПЕРМЬ-ББ-УЛ.ЛУНАЧАРСКОГО""     ";MOG4
"ККО ""ПЕРМЬ-ББ-ЗАКАМСКИЙ""           ";MOG5
ККО ИРКУТСК-ББ-ДЕКАБРЬСКИХ СОБЫТИЙ ;MOG6
"ККО ""ВОРОНЕЖ-ББ-УЛИЦА НЕВСКОГО""    ";MOG7
ККО ВОРОНЕЖ-ББ-УЛИЦА 20-ЛЕТИЯ ВЛКСМ;MOG8
ККО ОМСК-ББ- УЛ МАРШАЛА ЖУКОВА     ;MOG9
"ККО ""ЧЕЛЯБИНСК-ББ-УЛИЦА КОММУНЫ""   ";MOH2
"ККО ""ЧЕЛЯБИНСК-ББ-УЛИЦА ЧИЧЕРИНА""  ";MOH3
"ККО ""БАЛАКОВО-ПК-АТОМ""             ";MOH4
ККО Сосновый Бор-ББ-УЛИЦА СОЛНЕЧНАЯ;MOH5
Отделение OCRM ДПиВП               ;MOH6
"ОО ""Малахит""                       ";NZML
Сыктывкар-ПК-Вычегда               ;MOH7
"ДО ""ОКТЯБРЬСКИЙ ПРОСПЕКТ""          ";MOH8
ККО ЯРОСЛАВЛЬ-ББ-УЛИЦА ГАГАРИНА    ;MOH9
ККО ЯРОСЛАВЛЬ-ББ-УЛИЦА ТРЕФОЛЕВА   ;MOI2
"ККО ""АРХАНГЕЛЬСК-ББ-ЛОМОНОСОВА""    ";MOI3
ВОЛГОГРАД-ББ-НЕВСКАЯ               ;MOI4
РОСТОВ-НА-ДОНУ-ББ-БУЛЬВАР КОМАРОВА ;MOI5
САРАТОВ - ББ - УЛИЦА ЧЕРНЫШЕВСКОГО ;MOI6
РОСТОВ-НА-ДОНУ-ББ-40 ЛЕТ ПОБЕДЫ    ;MOI7
Ростов-на-Дону-ББ-Днепропетровская ;MOI8
Ростов-на-Дону-ББ-Площадь Рабочая  ;MOI9
"ОО ""Проспект Культуры""             ";NVKL
"ККО ""АЛЬФА PRIVATE НИЖНИЙ НОВГОРОД""";MOJ2
"ККО ""КУРСК-ББ-УЛИЦА НИКИТСКАЯ""     ";MOJ3
"ДО ""УЛИЦА ФЕВРАЛЬСКАЯ""             ";MOJ4
РОСТОВ-НА-ДОНУ-ББ-ПРОСПЕКТ ЧЕХОВА  ;MOJ5
"ККО ""САРАТОВ-ББ-УЛИЦА СОБОРНАЯ""    ";MOJ6
"ККО ""ЭНГЕЛЬС-ББ-ПЛОЩАДЬ СВОБОДЫ""   ";MOJ7
"ДО ""ПРОЛЕТАРСКАЯ""                  ";MOJ8
"ДО ""ОПТИМУМ АВТО АЛТУФЬЕВСКИЙ""     ";MOJ9
"ДО ""Ржевка""                        ";PTRJ
"ДО ""Улица Верности""                ";PTVR
"ДО ""КРУТИЦКИЙ ПЕРЕУЛОК""            ";MOK2
"ДО ""Черная речка""                  ";PTCH
"ККО ""ИРКУТСК-ТС-УЛИЦА-ТРАКТОВАЯ""   ";MOK3
"ККО ""УФА-ТС-УЛИЦА МЕНДЕЛЕЕВА""      ";MOK4
"ККО ""УССУРИЙСК-ПК-ИЗУМРУДНАЯ ДОЛИНА";MOK5
ККО ТВЕРЬ-ББ-ПРОСПЕКТ ПОБЕДЫ       ;MOK6
"ДО ""АВИЛОН ВОЗДВИЖЕНКА""            ";MOK8
"ДО ""ПЯЛОВСКИЙ 3""                   ";MOK7
"ДО ""НОВОРИЖСКИЙ""                   ";MOK9
"ККО ""ВОРОНЕЖ-ББ-УЛИЦА ЛИЗЮКОВА""    ";MOL2
"ОО ""Улица Владимира Невского""      ";MOL3
"ДО ""Площадь Труда""                 ";NVTR
"ОО ""Карелия""                       ";PTKA
"ДО ""КАР АВТО НОВОСИБИРСК""          ";NVKA
"ОО ""Оборонный""                     ";MOL5
"ДО ""ЛСР Недвижимость Автозаводская""";MOL4
"ДО ""САВЕЛОВСКИЙ""                   ";MOL6
"ДО""АВИЛОН ВОЛГОГРАДСКИЙ ПРОСПЕКТ 2""";MOL8
АВИЛОН ВОЛГОГРАДСКИЙ ПРОСПЕКТ 1    ;MOL7
"ККО ""ПЕРМЬ-ББ-ЗАКАМСК""             ";MOL9
"ОО ""Сапфир""                        ";NZSP
"ОО ""Есенинский""                    ";MON2
"ОО ""Нефрит""                        ";NVNE
"ДО ""НИЖНЯЯ 9""                      ";MON3
"ДО ""ТРОПАРЕВО""                     ";MON4
"ДО ""РУМЯНЦЕВО""                     ";MON5
Филиал Ростовский V                ;ROVR
"ДО ""ОПТИМУМ АВТО ПАВЕЛЕЦКАЯ""       ";MON6
"ККО ""КРАСНОДАР-МАГНОЛИЯ""           ";MON7
"ОО ""Знатный""                       ";ROZN
"ДО ""Улица Гаккелевская""            ";PTGK
"ККО ""САНКТ-ПЕТЕРБУРГ-ББ-ДУНАЙСКИЙ П";MOO2
"ККО ""ТВЕРЬ-ЖЕЛЯБОВА""               ";MON9
"ККО ""ТВЕРЬ-МОЖАЙСКИЙ""              ";MON8
"ККО ""САНКТ-ПЕТЕРБУРГ-ББ-ДАЧНЫЙ ПРОС";MOO3
ККО Санкт-Петербург-Улица Савушкина;MOO4
"ККО ""АРХАНГЕЛЬСК-ББ-ПОМОРСКИЙ""     ";MOO5
"ДО ""УЛИЦА ДОЛГОРУКОВСКАЯ""          ";MOO6
"ДО ""ТОЛМАЧЕВСКИЙ""                  ";MOO7
"ККО ""САНКТ-ПЕТЕРБУРГ-ББ-МУЧНОЙ ПЕРЕ";MOO8
"ОО ""СЛАВНЫЙ""                       ";MOO9
"ККО ""САНКТ-ПЕТЕРБУРГ-ББ-УЛИЦА ХОШИМ";MOP2
"ДО ""ДИНАМО""                        ";MOP3
"ККО ""БЕЛГОРОД-ПК-ВАТУТИНА""         ";MOV0
"ОО ""ТП ИВАНОВО"" АО ""АЛЬФА-БАНК""    ";MOI0
ККО Санкт-Петербург-Проспект Настав;MOP4
"ККО ""САНКТ-ПЕТЕРБУРГ-ББ-УЛИЦА БУДАП";MOP5
"ДО ""ЛУБЯНКА""                       ";MOL1
ДО ПРОСПЕКТ ВЕТЕРАНОВ              ;PTVT
"ДО ""ТЕХНОПАРК""                     ";MOT0
ОПЕРАЦИОННЫЙ ОФИС ПАРУС            ;ROPR
ДО Апраксин переулок               ;PTAP
Техническое отделение АЛБО         ;ALBO
"ОО ""СОБИНОВСКИЙ""                   ";MOS0
МУРМАНСК-ББ-ЧЕЛЮСКИНЦЕВ            ;MOP6
"ККО ""ПСКОВ-РИЖСКИЙ ПРОСПЕКТ""       ";MOP7
МУРМАНСК-ББ-АРКТИЧЕСКИЙ            ;MOP8
Балт. Банк 1                       ;BBP2
Балт. Банк 2                       ;BBP3
Отдел УОиКД                        ;MOP9
"Ф-л ""Санкт-Петербургский"" (вирт.)  ";PTVU
"ДО ""Автомир. Ярославка""            ";MOQ2
"Ф-л ""Нижегородский"" (вирт.)        ";NZNZ
"ДО ""ВЕРХ-ИСЕТСКИЙ""                 ";EKVI
"Ф-л ""Хабаровский"" (вирт.)          ";XBXB
"Ф-л ""Екатеринбургский"" (вирт.)     ";EKVR
"Ф-л ""Новосибирский"" (вирт.)        ";NVVR
"Ф-л ""Ставропольский"" (вирт.)       ";STVR
Санкт-Петербург-Академпарк         ;MOQ3
"ККО ""Тольяттинский КС-1""           ";MOT2
"ККО ""РОСТОВ-НА-ДОНУ-КИРОВСКИЙ""     ";MOR0
"ККО ""Самарский КС-1""               ";MOS2
ККО САНКТ-ПЕТЕРБУРГ-УЛИЦА БОЛЬШАЯ З;MOM2
ККО СПб-Угольная Гавань            ;MOM3
"ДО ""СЕВЕН САНС""                    ";PTSE
"KKO ""ПЕТРОЗАВОДСК-УЛИЦА РОВИО""     ";MOM4
"ККО ""Нижегородский КС-1""           ";MOM5
"ДО  ""ПЕЛИКАН-АВТО 1""               ";MOM6
"ДО  ""ПЕЛИКАН-АВТО 2""               ";MOM7
"ДО  ""ПЕЛИКАН-АВТО 3""               ";MOM8
"ДО  ""ПЕЛИКАН-АВТО ДМИТРОВКА""       ";MOM9
"ДО ""КРОНОС""                        ";NVHR
Группа оперативной поддержки       ;MOQ6
Отдел поддержки ККО                ;MOQ7
"ККО ""АЛЬФА PRIVATE РОСТОВ-НА-ДОНУ"" ";MOQ8
"ДО ""АВТОМИР-ХИМКИ""                 ";MOQ5
"ДО ""НЕЗАВИСИМОСТЬ. МАРКСИСТСКАЯ""   ";MOQ9
"АО ""АЛЬФА-БАНК"" 36                 ";WA86
"АО ""АЛЬФА-БАНК"" 37                 ";WA87
"АО ""АЛЬФА-БАНК"" 38                 ";WA88
"АО ""АЛЬФА-БАНК"" 39                 ";WA89
"АО ""АЛЬФА-БАНК"" 40                 ";WA90
"АО ""АЛЬФА-БАНК"" 41                 ";WA91
"АО ""АЛЬФА-БАНК"" 42                 ";WA92
"АО ""АЛЬФА-БАНК"" 43                 ";WA93
"АО ""АЛЬФА-БАНК"" 44                 ";WA94
"АО ""АЛЬФА-БАНК"" 45                 ";WA95
"ДО ""СТАРОМОНЕТНЫЙ""                 ";MOR3
"ДО ""Теплый Стан""                   ";MOR2
"ККО ""КРОНШТАДТ""                    ";MOR4
"ОО ""Тойота-Центр Воронеж 2""        ";MOR5
ДО Улица Яхтенная                  ;PTYA
Группа оперативной поддержки       ;MOR6
"ДО ""ЛЕКСУС. ЛОСИНЫЙ ОСТРОВ""        ";MOR7
"ДО ""ЛЕКСУС. КАШИРСКИЙ""             ";MOR8
"ДО ""ЛЕКСУС. ЛЕВОБЕРЕЖНЫЙ""          ";MOR9
"ДО ""ЛЕКСУС. РУБЛЕВСКИЙ""            ";MOS3
"ОО ""Тверской""                      ";MOS4
Оперативная поддержка г.Челябинск  ;MOS5
"ОО ""КЦ-Краснодар""                  ";ROKC
"Операционный офис ""КЦ-Саратов""     ";NZKS
"Операционный офис ""Тольятти""       ";NZTT
Оперативная поддержка г.Красноярск ;MOS6
Оперативная поддержка Н.Новгород   ;MOS8
Группа ОП в г.Екатеринбурге        ;MOS9
"ДО ""УЛИЦА ПЕРЕРВА""                 ";MOS7
"ДО ""АКАДЕМИКА САХАРОВА""            ";MOT3
Оперативная поддержка в г.Казань   ;MOT4
"ДО ""Аквилон""                       ";PTAK
Санкт-Петербург-Обводный канал     ;MOT5
КАЛАНЧЕВСКАЯ                       ;MOT6
"ДО ""МЯЧКОВСКИЙ БУЛЬВАР""            ";MOT7
Выездной ВИП менеджер в г.Москва   ;MOT8
Выездной ВИП менеджер в г. СПБ     ;MOT9
Дистанционный ФК в г. Москва       ;MOU2
Дистанционный ФК в г. С-Петербург  ;MOU3
Выздной ВИП менеджер в г. Казань   ;MOU4
Выздной ВИП менеджер в г.НН        ;MOU5
Выздной ВИП мен в г.Новосибрск     ;MOU6
ДО Новомосковский                  ;PTNM
Выздной ВИП-м в г.Ростов-на-Дону   ;MOU8
Выздной ВИП менеджер в г.Тюмень    ;MOU9
Выздной ВИП менеджер в г.Пермь     ;MOV2
Выздной ВИП менеджер в г.Волгоград ;MOV4
Выздной ВИП менеджер в г.Уфа       ;MOV5
Выздной ВИП-м в г.Владивосток      ;MOV3
"ККО ""НОВОСИБИРСК-НАУЧНЫЙ""          ";MOU7
"ДО ""МОСКВА-ЦПБ""                    ";MOV6
"ККО ""САНКТ-ПЕТЕРБУРГ-ЦПБ""          ";MOV7
"ДО ""КАРТАРГЕТ. ЗАРЕЧЬЕ""            ";MOV8
КРАСНОДАР-ПРЕМИУМ                  ;MOV9
"ОО ""ПРОМСТРОЙ""                     ";NVIC
ДО Павелецкий                      ;MOW2
ДО Улица Валовая                   ;MOW3
КРАСНОДАР-УЛИЦА КРАСНЫХ ПАРТИЗАН   ;MOW4
"ДО ""Скобелевская""                  ";MOE1
"ОО ""Раздольный""                    ";RORD
Группа опер. поддержки в г.Самаре  ;MOV1
Оперативная поддержка в г.Краснодар;MOU1
"ДО ""АЙСБЕРГ""                       ";MOX2
"ДО ""Бульвар Адмирала Ушакова""      ";MOX4
"ДО ""ПОДМОСКОВНЫЙ""                  ";MOX3
"ДО ""АВИЛОН 53 КМ"" в г. Москва      ";MOW5
"ДО""АВИЛОНВОЛГОГРАДСКИЙПРОСПЕКТ3""   ";MOW6
"ДО""АВИЛОНВОЛГОГРАДСКИЙ ПРОСПЕКТ5""  ";MOW9
СПб-Андреевский бульвар            ;MOX8
"ДО ""Московский ЛС-2""               ";MOX9
"ОО ""Губернский""                    ";NVGU
"ОО ""ТТС ОРЕНБУРГ""                  ";NZOB
"ДО ""ОПТИМУМ АВТО ЛИАНОЗОВСКИЙ""     ";MOY2
ЦЕНТР КРУПНЫХ КОРПОР. КЛИЕНТОВ     ;MOY3
ДО  МОСКОВСКИЙ ЛС-3џ в г. Люберцы  ;MOY4
"ККО ""Екатеринбургский ЛС-1""        ";MOY7
"ККО ""Екатеринбургский ЛС-2""        ";MOY9
"ДО ""Московский ЛС-4""               ";MOY6
"ДО ""Московский ЛС-5""               ";MOZ2
"ДО ""АБСОЛЮТ НЕДВИЖИМОСТЬ""          ";MOY8
Отдел ДВП                          ;MOZ3
"ККО ""Казанский ЛС-1""               ";MOZ4
"ККО ""Екатеринбургский ЛС-3""        ";MOZ5
"ККО ""Екатеринбургский ЛС-4""        ";MOZ6
"ККО ""Казанский ЛС-2""               ";MOZ7
"ККО ""Казанский ЛС-3""               ";MOZ8
"ККО ""Казанский ЛС-4""               ";MOWS
Группа опер. поддержки в г.Уфа     ;MOZ9
Группа опер. поддержки в г.Пермь   ;MO2A
"ККО ""Краснодарский  ЛС-1""          ";MO2C
"ККО ""Краснодарский  ЛС-2""          ";MO2D
"ДО ""БЕЛОРУССКАЯ""                   ";MO2B
"ОО ""Морской бриз"" АО ""АЛЬФА-БАНК""  ";ROBR
"ККО ""Екатеринбургский ЛС-5""        ";MO2E
"ККО ""Казанский ЛС-5""               ";MO2F
"ККО ""СУРГУТ-ФЛАГМАНСКИЙ            ";MO2G
"ККО ""Краснодарский  ЛС-3""          ";MO2H
"ККО ""Краснодарский  ЛС-4""          ";MO2I
"ОО ""СИНЕРГИЯ""                      ";EKSI
"ДО ""УЛИЦА УРАЛЬСКАЯ""               ";MO2K
"ДО ""Московский ЛС-6""               ";MO2J
ДО Римский                         ;MO2M
ДО Площадь Ильича                  ;MO2L
ДО НОВОЯСЕНЕВСКИЙ ПРОСПЕКТ         ;MO2N
"ДО ""ЯСЕНЕВО""                       ";MO2O
"ККО ""ЕКАТЕРИНБУРГ-ТОПАЗ""           ";MO2P
Группа опер. поддержки в г.Омске   ;MO2Q
"ДО ""ТАГАНСКИЙ""                     ";MO2R
"ДО ""МАРКСИСТСКИЙ""                  ";MO2S
Санкт-Петербург-Гумилевский        ;MO2T
"операционный офис ""КЦ-Мурманск""    ";PTKM
"ДО ""АВИЛОН БЕЛАЯ ДАЧА""             ";MO2U
"ДО ""АВИЛОН БЕЛАЯ ДАЧА 1""           ";MO2V
"ДО ""МЕРКУРИЙ-СИТИ""                 ";MO2W
"ККО ""НОВОСИБИРСК-ПЛОЩАДЬ ЛЕНИНА""   ";MO2X
"ОО ""ЮЖНЫЙ""                         ";MO2Y
Санкт-Петербург-Крестовский остров ;MO2Z
"ОО ""Якутский""                      ";XBYA
"ДО ""ПАРК КУЛЬТУРЫ""                 ";MO22
"ДО ""ТИМУРА ФРУНЗЕ""                 ";MO29
"ОО ""ТТС. Набережные Челны""         ";NZZP
"ОО ""ТТС. Уфа 1""                    ";NZZQ
"ОО ""ТТС. Казань ТЦ 1""              ";NZZR
"ОО ""ТТС. Казань ТЦ""                ";NZZS
"ОО ""ТТС. Казань""                   ";NZZT
"ОО ""ТТС. Казань ФВ""                ";NZZU
"Бэк- офис ""Абакан""                 ";ZPA2
"ДОПОЛНИТЕЛЬНЫЙ ОФИС ""АВИАПАРК""     ";MO23
ДО  УЛИЦА АВИАКОНСТРУКТОРА МИКОЯНАџ;MO24
Операционный офис  КЦ-Ульяновск    ;NZZV
"ДО ""КЛЮЧАВТО ВОЛОКОЛАМСКОЕ ШОССЕ""  ";MO26
"ДО ""КЛЮЧАВТО ЛЮБЕРЦЫ""              ";MO25
Бэк-офис Санкт-Петербург           ;ZPF5
ККО  МАГНИТОГОРСКИЙ ЛС-1џ          ;MO45
ЛЦ Новосибирск                     ;MO47
"ДО ""МОСКОВСКИЙ ЛС-7"" в г. Мытищи   ";MO46
"ОО ""ЖУРАВЛИ""                       ";NZZW
"ОО ""ТТС Набережные Челны Хендай""   ";NZZX
"ОО ""ТТС,Набережные Челны БМВ""      ";NZZY
"ДО ""АЛЬФА PRIVATE Денежный""        ";MO48
ЛЦ Санкт-Петербург                 ;MO27
ЛЦ Екатеринбург                    ;MO3A
"ДО ""ЧЕМПИОНСКИЙ""                   ";MO28
"ОО ""ТТС. КАЗАНЬ 1""                 ";NZAA
"ОО ""ТТС. КАЗАНЬ ФВ1""               ";NZAB
"ОО ""ТТС. КАЗАНЬ МБ""                ";NZAC
"ДО ""АВТОМИР-МАРЬИНО""               ";MO3B
ЛЦ Ростов-на-Дону                  ;MO3K
ЛЦ Волгоград                       ;MO3L
Группа ОП в г. Ростов-на-Дону      ;MO3M
Бэк-офис Ангарск                   ;ZPA3
Бэк-офис Архангенльск              ;ZPA4
Бэк-офис Барнаул                   ;ZPA5
Бэк-офис Белгород                  ;ZPA6
Бэк-офис Бузулук                   ;ZPA7
Бэк-офис Владивосток               ;ZPA8
Бэк-офис Волгоград                 ;ZPA9
Бэк-офис Воронеж                   ;ZPB2
Бэк-офис Екатеринбург              ;ZPB3
Бэк-офис Ижевск                    ;ZPB4
Бэк-офис Иркутск                   ;ZPB5
Бэк-офис Казань                    ;ZPB6
Бэк-офис Калининград               ;ZPB7
Бэк-офис Калуга                    ;ZPB8
Бэк-офис Каменск-Уральский         ;ZPB9
Бэк-офис Кумерово                  ;ZPC2
Бэк-офис Комсомольск-на-Амуре      ;ZPC3
Бэк-офис Краснодар                 ;ZPC4
Бэк-офис Красноярск                ;ZPC5
Бэк-офис Курган                    ;ZPC6
Бэк-офис Курск                     ;ZPC7
Бэк-офис Липецк                    ;ZPC8
Бэк-офис Магнитогорск              ;ZPC9
Бэк-офис Москва                    ;ZPD2
Бэк-офис Мурманск                  ;ZPD3
Бэк-офис Набережные Челны          ;ZPD4
Бэк-офис Новороссийск              ;ZPD5
Бэк-офис Нижневартовск             ;ZPD6
Бэк-офис Нижний Новгород           ;ZPD7
Бэк-офис Нижний Тагил              ;ZPD8
Бэк-офис Новокузнецк               ;ZPD9
Бэк-офис Новосибирск               ;ZPE2
Бэк-офис Омск                      ;ZPE3
Бэк-офис Оренбург                  ;ZPE4
Бэк-офис Орск                      ;ZPE5
Бэк-офис Пенза                     ;ZPE6
Бэк-офис Пермь                     ;ZPE7
Бэк-офис Петрозаводск              ;ZPE8
Бэк-офис Псков                     ;ZPE9
Бэк-офис Ростов-на-Дону            ;ZPF2
Бэк-офис Рязань                    ;ZPF3
Бэк-офис Самара                    ;ZPF4
Бэк-офис Саратов                   ;ZPF6
Бэк-офис Сочи                      ;ZPF7
Бэк-офис Ставрополь                ;ZPF8
Бэк-офис  Сургут                   ;ZPF9
Бэк-офис Сызрань                   ;ZPI2
Бэк-офис Тверь                     ;ZPG2
Бэк-офис Тольятти                  ;ZPG3
Бэк-офис Томск                     ;ZPG4
Бэк-офис Тула                      ;ZPG5
Бэк-офис Тюмень                    ;ZPG6
Бэк-офис Ульяновск                 ;ZPG7
Бэк-офис Уфа                       ;ZPG8
Бэк-офис Хабаровск                 ;ZPG9
Бэк-офис Чебоксары                 ;ZPH2
Бэк-офис Челябинск                 ;ZPH3
Бэк-офис Южно-Сахалинск            ;ZPH4
Бэк-офис Якутск                    ;ZPH5
Бэк-офис Ярославль                 ;ZPH6
"ДО ""АЛЬФА PRIVATE ЛОБАЧЕВСКИЙ""     ";MO3N
ЛЦ Пермь                           ;MO3C
ЛЦ Челябинск                       ;MO3D
ЛЦ Нижний Новгород                 ;MO3E
ЛЦ Красноярск                      ;MO3F
ЛЦ Краснодар                       ;MO3G
ЛЦ Самара                          ;MO3H
ЛЦ Уфа                             ;MO3I
ЛЦ Омск                            ;MO3J
ЛЦ Казань                          ;LCKZ
"ДО ""СЕВЕН САНС МОСКВА""             ";MO3O
ЛЦ Тюмень                          ;LCAA
ЛЦ Барнаул                         ;LCAB
ЛЦ Саратов                         ;LCAC
ЛЦ Сургут                          ;LCAD
ЛЦ Оренбург                        ;LCAE
"ОО ""ТТС. Уфа 2""                    ";NZAD
"ОО ""ТТС. Чебоксары""                ";NZAE
"ДО ""ЯКИМАНКА""                      ";MO3P
ЛЦ Воронеж                         ;LCAF
Техническое отделение Онлайнбух    ;WA96
ЛЦ Иркутск                         ;LCAG
ЛЦ Владивосток                     ;LCAH
ЛЦ Калининград                     ;LCAI
ЛЦ Ижевск                          ;LCAJ
ЛЦ Новокузнецк                     ;LCAK
